"File","LineNumber","Text"
"_includes\output_helper.html","42","警告: このサンプルは Chrome "
"_includes\utils.html","8","Web Bluetooth API を利用できません。\n"
"_includes\utils.html","9","Chrome のフラグ「Experimental Web Platform features」が有効になっていることを確認してください。"
"_layouts\default.html","12","AS IS"
"_layouts\default.html","21","width=device-width, initial-scale=1"
"_layouts\default.html","23","{{ page.origin_trial }}"
"_layouts\default.html","40","{{ page.manifest_url }}"
"_layouts\default.html","43","{{ page.icon_url }}"
"_layouts\default.html","43","{{ page.icon_url }}"
"_layouts\default.html","45","{{ relative_path_to_root }}images/favicon.ico"
"_layouts\default.html","47","{{ relative_path_to_root }}styles/main.css"
"_layouts\default.html","48","{{ local_css_file }}"
"_layouts\default.html","56","{{ page.icon_url }}"
"_layouts\default.html","56","{{ page.icon_url }}"
"_layouts\default.html","63","{{ local_js_file }}"
"advance.js","265","マウスモードは「<Default Mouse>」プリセットの設定が必要です。"
"advance.js","289","Bluetoothデバイスを選択: "
"advance.js","494","スケーリング用の応答カーブです。（Passthrough / Linear のみ。他は未確定）"
"advance.js","494","スケーリング用の応答カーブです。（Passthrough / Linear のみ。他は未確定）"
"advance.js","662","スケーリング用の応答カーブです。（Passthrough / Linear のみ。他は未確定）"
"advance.js","662","スケーリング用の応答カーブです。（Passthrough / Linear のみ。他は未確定）"
"advance.js","700","グローバル設定の CHRC を取得..."
"advance.js","726"," + cfgId + "
"advance.js","726"," + cfgId + "
"advance.js","726"," + cfgId + "
"advance.js","726"," + cfgId + "
"advance.js","726"," + cfgId + "
"advance.js","726"," + cfgId + "
"advance.js","726"," + cfgId + "
"advance.js","726"," + cfgId + "
"advance.js","726"," + cfgId + "
"advance.js","729"," + cfgId + "
"advance.js","729"," + cfgId + "
"advance.js","729"," + cfgId + "
"advance.js","729"," + cfgId + "
"advance.js","729"," + cfgId + "
"advance.js","729"," + cfgId + "
"advance.js","729"," + cfgId + "
"advance.js","729"," + cfgId + "
"advance.js","729"," + cfgId + "
"advance.js","729","CTRL chrc に出力 "
"advance.js","735"," + cfgId + "
"advance.js","735"," + cfgId + "
"advance.js","735"," + cfgId + "
"advance.js","735"," + cfgId + "
"advance.js","735"," + cfgId + "
"advance.js","735"," + cfgId + "
"advance.js","735"," + cfgId + "
"advance.js","735"," + cfgId + "
"advance.js","735"," + cfgId + "
"advance.js","739"," + cfgId + "
"advance.js","739"," + cfgId + "
"advance.js","739"," + cfgId + "
"advance.js","739"," + cfgId + "
"advance.js","739"," + cfgId + "
"advance.js","739"," + cfgId + "
"advance.js","739"," + cfgId + "
"advance.js","739"," + cfgId + "
"advance.js","739"," + cfgId + "
"advance.js","743"," + cfgId + "
"advance.js","743"," + cfgId + "
"advance.js","743"," + cfgId + "
"advance.js","743"," + cfgId + "
"advance.js","743"," + cfgId + "
"advance.js","743"," + cfgId + "
"advance.js","743"," + cfgId + "
"advance.js","743"," + cfgId + "
"advance.js","743"," + cfgId + "
"advance.js","756","入力 CTRL CHRC を設定... "
"advance.js","756","入力 CTRL CHRC を設定... "
"advance.js","759","入力 DATA CHRC を読み込み中..."
"advance.js","763","入力 DATA 取得: "
"advance.js","763","入力 DATA 取得: "
"advance.js","766","入力 DATA 取得: "
"advance.js","766","入力 DATA 取得: "
"advance.js","798"," + cfgId + "
"advance.js","798"," + cfgId + "
"advance.js","798"," + cfgId + "
"advance.js","798"," + cfgId + "
"advance.js","798"," + cfgId + "
"advance.js","798"," + cfgId + "
"advance.js","798"," + cfgId + "
"advance.js","798"," + cfgId + "
"advance.js","798"," + cfgId + "
"advance.js","810"," + cfgId + "
"advance.js","810"," + cfgId + "
"advance.js","810"," + cfgId + "
"advance.js","810"," + cfgId + "
"advance.js","810"," + cfgId + "
"advance.js","810"," + cfgId + "
"advance.js","810"," + cfgId + "
"advance.js","810"," + cfgId + "
"advance.js","810"," + cfgId + "
"advance.js","813"," + cfgId + "
"advance.js","813"," + cfgId + "
"advance.js","813"," + cfgId + "
"advance.js","813"," + cfgId + "
"advance.js","813"," + cfgId + "
"advance.js","813"," + cfgId + "
"advance.js","813"," + cfgId + "
"advance.js","813"," + cfgId + "
"advance.js","813"," + cfgId + "
"advance.js","841"," + nbMapping + "
"advance.js","841"," + src.length + "
"advance.js","909"," + cfgId + "
"advance.js","909"," + cfgId + "
"advance.js","909"," + cfgId + "
"advance.js","909"," + cfgId + "
"advance.js","909"," + cfgId + "
"advance.js","909"," + cfgId + "
"advance.js","909"," + cfgId + "
"advance.js","909"," + cfgId + "
"advance.js","909"," + cfgId + "
"advance.js","920","入力 CTRL CHRC を設定... "
"advance.js","920","入力 CTRL CHRC を設定... "
"advance.js","923","入力 DATA CHRC を書き込み中..."
"advance.js","932","入力 DATA を書き込みました"
"advance.js","1008"," + cfgId + "
"advance.js","1008"," + cfgId + "
"advance.js","1008"," + cfgId + "
"advance.js","1008"," + cfgId + "
"advance.js","1008"," + cfgId + "
"advance.js","1008"," + cfgId + "
"advance.js","1008"," + cfgId + "
"advance.js","1008"," + cfgId + "
"advance.js","1008"," + cfgId + "
"advance.js","1018","> Bluetooth デバイスが切断されました"
"advance.js","1092","現在の設定: GameID"
"advance.js","1100","Bluetooth デバイスを要求中..."
"advance.js","1105","GATT サーバへ接続中..."
"advance.js","1112","VS-C4 のサービスを取得中..."
"advance.js","1117","VS-C4 に接続できませんでした"
"advance.js","1156","ABI バージョン: "
"advance.js","1168"," + bdaddr + "
"advance.js","1168"," + name + "
"advance.js","1169"," + gameid + "
"advance.js","1169","]<br> 現在のゲーム: "
"advance.js","1172"," target=\"
"advance.js","1172"," を <a href=\"
"advance.js","1172","<br><br>最新FW "
"advance.js","1172",">GitHub</a> からダウンロード"
"advance.js","1228"," + btnList[i][srcLabel] + "
"advance.js","1228"," + i + "
"advance.js","1228"," + i + "
"advance.js","1228","<オプション value=\"
"advance.js","1228","<オプション value=\"
"advance.js","1246"," + btnList[i][destLabel] + "
"advance.js","1246"," + i + "
"advance.js","1246"," + i + "
"advance.js","1246","<オプション value=\"
"advance.js","1246","<オプション value=\"
"dc_vmu.js","137","> Bluetooth デバイスが切断されました"
"dc_vmu.js","146","Bluetooth デバイスを要求しています..."
"dc_vmu.js","151","GATT サーバーに接続しています..."
"dc_vmu.js","158","BlueRetro サービスを取得しています..."
"dc_vmu.js","163","BlueRetro に接続できませんでした"
"dc_vmu.js","186"," + app_ver + "
"dc_vmu.js","186"," + bdaddr + "
"dc_vmu.js","186"," + name + "
"dc_vmu.js","189"," を <a href=\"
"dc_vmu.js","189","<br><br>最新FW "
"debug.js","70","> Bluetooth デバイスが切断されました"
"debug.js","79","Bluetooth デバイスを要求しています..."
"debug.js","84","GATT サーバーに接続しています..."
"debug.js","91","BlueRetro サービスを取得しています..."
"debug.js","96","BlueRetro に接続できませんでした"
"debug.js","119"," + app_ver + "
"debug.js","119"," + bdaddr + "
"debug.js","119"," + name + "
"debug.js","122"," を <a href=\"
"debug.js","122","<br><br>最新FW "
"files.js","128","> Bluetooth デバイスが切断されました"
"files.js","147","Bluetooth デバイスを要求しています..."
"files.js","152","GATT サーバーに接続しています..."
"files.js","154","デバイスID: "
"files.js","161","VS-C4 サービスを取得しています..."
"files.js","166","VS-C4 に接続できませんでした"
"files.js","193"," + app_ver + "
"files.js","193"," + bdaddr + "
"files.js","193"," + name + "
"files.js","196"," を <a href=\"
"files.js","196","<br><br>最新FW "
"n64_ctrlpak.js","135","> Bluetooth デバイスが切断されました"
"n64_ctrlpak.js","144","Bluetooth デバイスを要求しています..."
"n64_ctrlpak.js","149","GATT サーバーに接続しています..."
"n64_ctrlpak.js","156","BlueRetro サービスを取得しています..."
"n64_ctrlpak.js","161","BlueRetro に接続できませんでした"
"n64_ctrlpak.js","184"," + app_ver + "
"n64_ctrlpak.js","184"," + bdaddr + "
"n64_ctrlpak.js","184"," + name + "
"n64_ctrlpak.js","187"," を <a href=\"
"n64_ctrlpak.js","187","<br><br>最新FW "
"ota.js","70","HW2判定(new_fw): "
"ota.js","109","> Bluetooth デバイスが切断されました"
"ota.js","118","Bluetooth デバイスを要求しています..."
"ota.js","123","GATT サーバーに接続しています..."
"ota.js","130","BlueRetro サービスを取得しています..."
"ota.js","135","BlueRetro に接続できませんでした"
"ota.js","169"," + app_ver + "
"ota.js","169"," + bdaddr + "
"ota.js","169"," + name + "
"ota.js","172"," を <a href=\"
"ota.js","172","<br><br>最新FW "
"ota.js","181"," HW2判定(app_name): "
"ota.js","181","HW2判定(app_ver): "
"presets.js","40","Output "
"presets.js","175","> Bluetooth デバイスが切断されました"
"presets.js","222","現在の設定: Global"
"presets.js","230","現在の設定: GameID"
"presets.js","238","Bluetooth デバイスを要求しています..."
"presets.js","243","GATT サーバーに接続しています..."
"presets.js","250","BlueRetro サービスを取得しています..."
"presets.js","255","BlueRetro に接続できませんでした"
"presets.js","294"," + bdaddr + "
"presets.js","294"," + name + "
"presets.js","295"," + gameid + "
"presets.js","295","]<br> Current Game: "
"presets.js","298"," を <a href=\"
"presets.js","298","<br><br>最新FW "
"presets.js","326","select a console and preset!"
"presets.js","336","select preset first as -1 to prevent trying to save the placeholder"
"system.js","19","> Bluetooth デバイスが切断されました"
"system.js","40","Bluetooth デバイスを要求しています..."
"system.js","45","GATT サーバーに接続しています..."
"system.js","47","デバイスID: "
"system.js","54","BlueRetro サービスを取得しています..."
"system.js","59","BlueRetro に接続できませんでした"
"system.js","62","BDアドレス取得: "
"system.js","83"," + app_ver + "
"system.js","83"," + bdaddr + "
"system.js","83"," + name + "
"system.js","86"," を <a href=\"
"system.js","86","<br><br>最新FW "
"utils\constants.js","3","*Stick left"
"utils\constants.js","3","*Stick left"
"utils\constants.js","3","[C] Left stick left"
"utils\constants.js","3","[C] Left stick left"
"utils\constants.js","3","[N] Stick left"
"utils\constants.js","3","8 (Y)"
"utils\constants.js","3","8 (Y)"
"utils\constants.js","3","8 (Y)"
"utils\constants.js","3","GP: LX Left;  KB: A"
"utils\constants.js","3","KB: A"
"utils\constants.js","3","Left pad left"
"utils\constants.js","3","Left stick left"
"utils\constants.js","3","Left stick left"
"utils\constants.js","3","Left stick left"
"utils\constants.js","3","Left stick left"
"utils\constants.js","3","Left stick left"
"utils\constants.js","3","Left stick left"
"utils\constants.js","3","Left stick left"
"utils\constants.js","3","Left stick left"
"utils\constants.js","3","Left stick left"
"utils\constants.js","3","Left stick left"
"utils\constants.js","3","Left stick left"
"utils\constants.js","3","Left stick left"
"utils\constants.js","3","Left stick left (X)"
"utils\constants.js","3","Stick left"
"utils\constants.js","3","Stick left"
"utils\constants.js","3","Stick left"
"utils\constants.js","3","Stick left"
"utils\constants.js","3","Stick left"
"utils\constants.js","3","Stick left (H)"
"utils\constants.js","4","*Stick right"
"utils\constants.js","4","*Stick right"
"utils\constants.js","4","[C] Left stick right"
"utils\constants.js","4","[C] Left stick right"
"utils\constants.js","4","[N] Stick right"
"utils\constants.js","4","GP: LX Right; KB: D"
"utils\constants.js","4","KB: D"
"utils\constants.js","4","Left pad right"
"utils\constants.js","4","Left stick right"
"utils\constants.js","4","Left stick right"
"utils\constants.js","4","Left stick right"
"utils\constants.js","4","Left stick right"
"utils\constants.js","4","Left stick right"
"utils\constants.js","4","Left stick right"
"utils\constants.js","4","Left stick right"
"utils\constants.js","4","Left stick right"
"utils\constants.js","4","Left stick right"
"utils\constants.js","4","Left stick right"
"utils\constants.js","4","Left stick right"
"utils\constants.js","4","Left stick right"
"utils\constants.js","4","Left stick right (X)"
"utils\constants.js","4","Stick right"
"utils\constants.js","4","Stick right"
"utils\constants.js","4","Stick right"
"utils\constants.js","4","Stick right"
"utils\constants.js","4","Stick right"
"utils\constants.js","4","Stick right (H)"
"utils\constants.js","5","*Stick down"
"utils\constants.js","5","*Stick down"
"utils\constants.js","5","[C] Left stick down"
"utils\constants.js","5","[C] Left stick down"
"utils\constants.js","5","[N] Stick down"
"utils\constants.js","5","7 (Z)"
"utils\constants.js","5","7 (Z)"
"utils\constants.js","5","7 (Z)"
"utils\constants.js","5","GP: LY Down;  KB: S"
"utils\constants.js","5","KB: S"
"utils\constants.js","5","Left pad down"
"utils\constants.js","5","Left stick down"
"utils\constants.js","5","Left stick down"
"utils\constants.js","5","Left stick down"
"utils\constants.js","5","Left stick down"
"utils\constants.js","5","Left stick down"
"utils\constants.js","5","Left stick down"
"utils\constants.js","5","Left stick down"
"utils\constants.js","5","Left stick down"
"utils\constants.js","5","Left stick down"
"utils\constants.js","5","Left stick down"
"utils\constants.js","5","Left stick down"
"utils\constants.js","5","Left stick down"
"utils\constants.js","5","Left stick down (Y)"
"utils\constants.js","5","Stick down"
"utils\constants.js","5","Stick down"
"utils\constants.js","5","Stick down"
"utils\constants.js","5","Stick down"
"utils\constants.js","5","Stick down"
"utils\constants.js","5","Stick down (H)"
"utils\constants.js","6","*Stick up"
"utils\constants.js","6","*Stick up"
"utils\constants.js","6","[C] Left stick up"
"utils\constants.js","6","[C] Left stick up"
"utils\constants.js","6","[N] Stick up"
"utils\constants.js","6","GP: LY Up;    KB: W"
"utils\constants.js","6","KB: W"
"utils\constants.js","6","Left pad up"
"utils\constants.js","6","Left stick up"
"utils\constants.js","6","Left stick up"
"utils\constants.js","6","Left stick up"
"utils\constants.js","6","Left stick up"
"utils\constants.js","6","Left stick up"
"utils\constants.js","6","Left stick up"
"utils\constants.js","6","Left stick up"
"utils\constants.js","6","Left stick up"
"utils\constants.js","6","Left stick up"
"utils\constants.js","6","Left stick up"
"utils\constants.js","6","Left stick up"
"utils\constants.js","6","Left stick up"
"utils\constants.js","6","Left stick up (Y)"
"utils\constants.js","6","Stick up"
"utils\constants.js","6","Stick up"
"utils\constants.js","6","Stick up"
"utils\constants.js","6","Stick up"
"utils\constants.js","6","Stick up"
"utils\constants.js","6","Stick up (H)"
"utils\constants.js","7","*Right stick left"
"utils\constants.js","7","[C] Right stick left"
"utils\constants.js","7","[C] Right stick left"
"utils\constants.js","7","GP: RX Left;  M: X Left"
"utils\constants.js","7","M: X Left"
"utils\constants.js","7","Right D-pad left"
"utils\constants.js","7","Right pad left"
"utils\constants.js","7","Right stick left"
"utils\constants.js","7","Right stick left"
"utils\constants.js","7","Right stick left"
"utils\constants.js","7","Right stick left"
"utils\constants.js","7","Right stick left"
"utils\constants.js","7","Right stick left"
"utils\constants.js","7","Right stick left"
"utils\constants.js","7","Right stick left"
"utils\constants.js","7","Right stick left"
"utils\constants.js","7","Right stick left"
"utils\constants.js","7","Right stick left"
"utils\constants.js","7","Right stick left (TX)"
"utils\constants.js","8","*Right stick right"
"utils\constants.js","8","[C] Right stick right"
"utils\constants.js","8","[C] Right stick right"
"utils\constants.js","8","GP: RX Right; M: X Right"
"utils\constants.js","8","M: X Right"
"utils\constants.js","8","Right D-pad right"
"utils\constants.js","8","Right pad right"
"utils\constants.js","8","Right stick right"
"utils\constants.js","8","Right stick right"
"utils\constants.js","8","Right stick right"
"utils\constants.js","8","Right stick right"
"utils\constants.js","8","Right stick right"
"utils\constants.js","8","Right stick right"
"utils\constants.js","8","Right stick right"
"utils\constants.js","8","Right stick right"
"utils\constants.js","8","Right stick right"
"utils\constants.js","8","Right stick right"
"utils\constants.js","8","Right stick right"
"utils\constants.js","8","Right stick right (TX)"
"utils\constants.js","9","*Right stick down"
"utils\constants.js","9","*Throttle down"
"utils\constants.js","9","[C] Right stick down"
"utils\constants.js","9","[C] Right stick down"
"utils\constants.js","9","GP: RY Down;  M: Y Down"
"utils\constants.js","9","M: Y Down"
"utils\constants.js","9","Right D-pad down"
"utils\constants.js","9","Right pad down"
"utils\constants.js","9","Right stick down"
"utils\constants.js","9","Right stick down"
"utils\constants.js","9","Right stick down"
"utils\constants.js","9","Right stick down"
"utils\constants.js","9","Right stick down"
"utils\constants.js","9","Right stick down"
"utils\constants.js","9","Right stick down"
"utils\constants.js","9","Right stick down"
"utils\constants.js","9","Right stick down"
"utils\constants.js","9","Right stick down"
"utils\constants.js","9","Right stick down"
"utils\constants.js","9","Right stick down (TY)"
"utils\constants.js","10","*Right stick up"
"utils\constants.js","10","*Throttle up"
"utils\constants.js","10","[C] Right stick up"
"utils\constants.js","10","[C] Right stick up"
"utils\constants.js","10","GP: RY Up;    M: Y Up"
"utils\constants.js","10","M: Y Up"
"utils\constants.js","10","Right D-pad up"
"utils\constants.js","10","Right pad up"
"utils\constants.js","10","Right stick up"
"utils\constants.js","10","Right stick up"
"utils\constants.js","10","Right stick up"
"utils\constants.js","10","Right stick up"
"utils\constants.js","10","Right stick up"
"utils\constants.js","10","Right stick up"
"utils\constants.js","10","Right stick up"
"utils\constants.js","10","Right stick up"
"utils\constants.js","10","Right stick up"
"utils\constants.js","10","Right stick up"
"utils\constants.js","10","Right stick up"
"utils\constants.js","10","Right stick up (TY)"
"utils\constants.js","11","[C] D-pad left"
"utils\constants.js","11","[C] D-pad left"
"utils\constants.js","11","[W] D-pad left (V)"
"utils\constants.js","11","D-pad left"
"utils\constants.js","11","D-pad left"
"utils\constants.js","11","D-pad left"
"utils\constants.js","11","D-pad left"
"utils\constants.js","11","D-pad left"
"utils\constants.js","11","D-pad left"
"utils\constants.js","11","D-pad left"
"utils\constants.js","11","D-pad left"
"utils\constants.js","11","D-pad left"
"utils\constants.js","11","D-pad left"
"utils\constants.js","11","D-pad left"
"utils\constants.js","11","D-pad left"
"utils\constants.js","11","D-pad left"
"utils\constants.js","11","D-pad left"
"utils\constants.js","11","D-pad left"
"utils\constants.js","11","D-pad left"
"utils\constants.js","11","D-pad left"
"utils\constants.js","11","D-pad left"
"utils\constants.js","11","D-pad left"
"utils\constants.js","11","D-pad left"
"utils\constants.js","11","D-pad left"
"utils\constants.js","11","D-pad left"
"utils\constants.js","11","D-pad left"
"utils\constants.js","11","D-pad left"
"utils\constants.js","11","D-pad left"
"utils\constants.js","11","D-pad left"
"utils\constants.js","11","D-pad left"
"utils\constants.js","11","D-pad left"
"utils\constants.js","11","D-pad left"
"utils\constants.js","11","D-pad left"
"utils\constants.js","11","D-pad left (H)"
"utils\constants.js","11","GP: LD Left;  KB: Left"
"utils\constants.js","11","KB: Left"
"utils\constants.js","11","Left D-pad left"
"utils\constants.js","11","Left D-pad left"
"utils\constants.js","11","Stick left"
"utils\constants.js","11","Stick left"
"utils\constants.js","11","Stick left"
"utils\constants.js","11","Stick left"
"utils\constants.js","11","Stick left"
"utils\constants.js","12","[C] D-pad right"
"utils\constants.js","12","[C] D-pad right"
"utils\constants.js","12","[W] D-pad right (V)"
"utils\constants.js","12","D-pad right"
"utils\constants.js","12","D-pad right"
"utils\constants.js","12","D-pad right"
"utils\constants.js","12","D-pad right"
"utils\constants.js","12","D-pad right"
"utils\constants.js","12","D-pad right"
"utils\constants.js","12","D-pad right"
"utils\constants.js","12","D-pad right"
"utils\constants.js","12","D-pad right"
"utils\constants.js","12","D-pad right"
"utils\constants.js","12","D-pad right"
"utils\constants.js","12","D-pad right"
"utils\constants.js","12","D-pad right"
"utils\constants.js","12","D-pad right"
"utils\constants.js","12","D-pad right"
"utils\constants.js","12","D-pad right"
"utils\constants.js","12","D-pad right"
"utils\constants.js","12","D-pad right"
"utils\constants.js","12","D-pad right"
"utils\constants.js","12","D-pad right"
"utils\constants.js","12","D-pad right"
"utils\constants.js","12","D-pad right"
"utils\constants.js","12","D-pad right"
"utils\constants.js","12","D-pad right"
"utils\constants.js","12","D-pad right"
"utils\constants.js","12","D-pad right"
"utils\constants.js","12","D-pad right"
"utils\constants.js","12","D-pad right"
"utils\constants.js","12","D-pad right"
"utils\constants.js","12","D-pad right"
"utils\constants.js","12","D-pad right (H)"
"utils\constants.js","12","GP: LD Right; KB: Right"
"utils\constants.js","12","KB: Right"
"utils\constants.js","12","Left D-pad right"
"utils\constants.js","12","Left D-pad right"
"utils\constants.js","12","Stick right"
"utils\constants.js","12","Stick right"
"utils\constants.js","12","Stick right"
"utils\constants.js","12","Stick right"
"utils\constants.js","12","Stick right"
"utils\constants.js","13","[C] D-pad down"
"utils\constants.js","13","[C] D-pad down"
"utils\constants.js","13","[W] D-pad down (V)"
"utils\constants.js","13","D-pad down"
"utils\constants.js","13","D-pad down"
"utils\constants.js","13","D-pad down"
"utils\constants.js","13","D-pad down"
"utils\constants.js","13","D-pad down"
"utils\constants.js","13","D-pad down"
"utils\constants.js","13","D-pad down"
"utils\constants.js","13","D-pad down"
"utils\constants.js","13","D-pad down"
"utils\constants.js","13","D-pad down"
"utils\constants.js","13","D-pad down"
"utils\constants.js","13","D-pad down"
"utils\constants.js","13","D-pad down"
"utils\constants.js","13","D-pad down"
"utils\constants.js","13","D-pad down"
"utils\constants.js","13","D-pad down"
"utils\constants.js","13","D-pad down"
"utils\constants.js","13","D-pad down"
"utils\constants.js","13","D-pad down"
"utils\constants.js","13","D-pad down"
"utils\constants.js","13","D-pad down"
"utils\constants.js","13","D-pad down"
"utils\constants.js","13","D-pad down"
"utils\constants.js","13","D-pad down"
"utils\constants.js","13","D-pad down"
"utils\constants.js","13","D-pad down"
"utils\constants.js","13","D-pad down"
"utils\constants.js","13","D-pad down"
"utils\constants.js","13","D-pad down"
"utils\constants.js","13","D-pad down"
"utils\constants.js","13","D-pad down (H)"
"utils\constants.js","13","GP: LD Down;  KB: Down"
"utils\constants.js","13","KB: Down"
"utils\constants.js","13","Left D-pad down"
"utils\constants.js","13","Left D-pad down"
"utils\constants.js","13","Stick down"
"utils\constants.js","13","Stick down"
"utils\constants.js","13","Stick down"
"utils\constants.js","13","Stick down"
"utils\constants.js","13","Stick down"
"utils\constants.js","14","[C] D-pad up"
"utils\constants.js","14","[C] D-pad up"
"utils\constants.js","14","[W] D-pad up (V)"
"utils\constants.js","14","D-pad up"
"utils\constants.js","14","D-pad up"
"utils\constants.js","14","D-pad up"
"utils\constants.js","14","D-pad up"
"utils\constants.js","14","D-pad up"
"utils\constants.js","14","D-pad up"
"utils\constants.js","14","D-pad up"
"utils\constants.js","14","D-pad up"
"utils\constants.js","14","D-pad up"
"utils\constants.js","14","D-pad up"
"utils\constants.js","14","D-pad up"
"utils\constants.js","14","D-pad up"
"utils\constants.js","14","D-pad up"
"utils\constants.js","14","D-pad up"
"utils\constants.js","14","D-pad up"
"utils\constants.js","14","D-pad up"
"utils\constants.js","14","D-pad up"
"utils\constants.js","14","D-pad up"
"utils\constants.js","14","D-pad up"
"utils\constants.js","14","D-pad up"
"utils\constants.js","14","D-pad up"
"utils\constants.js","14","D-pad up"
"utils\constants.js","14","D-pad up"
"utils\constants.js","14","D-pad up"
"utils\constants.js","14","D-pad up"
"utils\constants.js","14","D-pad up"
"utils\constants.js","14","D-pad up"
"utils\constants.js","14","D-pad up"
"utils\constants.js","14","D-pad up"
"utils\constants.js","14","D-pad up"
"utils\constants.js","14","D-pad up (H)"
"utils\constants.js","14","GP: LD Up;    KB: Up"
"utils\constants.js","14","KB: Up"
"utils\constants.js","14","Left D-pad up"
"utils\constants.js","14","Left D-pad up"
"utils\constants.js","14","Stick up"
"utils\constants.js","14","Stick up"
"utils\constants.js","14","Stick up"
"utils\constants.js","14","Stick up"
"utils\constants.js","14","Stick up"
"utils\constants.js","15","*Right D-pad left"
"utils\constants.js","15","[W] D-pad left (H)"
"utils\constants.js","15","[W] D-pad left (H)"
"utils\constants.js","15","GP: RD Left;  M: WX Left"
"utils\constants.js","15","L pad click"
"utils\constants.js","15","M: WX Left"
"utils\constants.js","16","*Right D-pad right"
"utils\constants.js","16","[W] D-pad right (H)"
"utils\constants.js","16","[W] D-pad right (H)"
"utils\constants.js","16","GP: RD Right; M: WX Right"
"utils\constants.js","16","M: WX Right"
"utils\constants.js","16","R pad click"
"utils\constants.js","17","*Right D-pad down"
"utils\constants.js","17","[W] D-pad down (H)"
"utils\constants.js","17","[W] D-pad down (H)"
"utils\constants.js","17","GP: RD Down;  M: WY Down"
"utils\constants.js","17","M: WY Down"
"utils\constants.js","18","*Right D-pad up"
"utils\constants.js","18","[W] D-pad up (H)"
"utils\constants.js","18","[W] D-pad up (H)"
"utils\constants.js","18","GP: RD Up;    M: WY Up"
"utils\constants.js","18","M: WY Up"
"utils\constants.js","19","[C] Y"
"utils\constants.js","19","[C] Y"
"utils\constants.js","19","[W] 1"
"utils\constants.js","19","[W] 1"
"utils\constants.js","19","[W] 1"
"utils\constants.js","19","B | D-pad up"
"utils\constants.js","19","GP: RB Left;  KB: Q; M: 4"
"utils\constants.js","19","KB: Q"
"utils\constants.js","19","M: 4"
"utils\constants.js","20","[C] A"
"utils\constants.js","20","[C] A"
"utils\constants.js","20","[W] 2"
"utils\constants.js","20","[W] 2"
"utils\constants.js","20","[W] 2"
"utils\constants.js","20","GP: RB Right; KB: R; M: 5"
"utils\constants.js","20","KB: R"
"utils\constants.js","20","M: 5"
"utils\constants.js","20","X | D-pad down"
"utils\constants.js","21","[C] B"
"utils\constants.js","21","[C] B"
"utils\constants.js","21","[W] A"
"utils\constants.js","21","A | D-pad left"
"utils\constants.js","21","GP: RB Down;  KB: E; M: 6"
"utils\constants.js","21","KB: E"
"utils\constants.js","21","M: 6"
"utils\constants.js","22","[C] X"
"utils\constants.js","22","[C] X"
"utils\constants.js","22","8 (Y)"
"utils\constants.js","22","8 (Y)"
"utils\constants.js","22","8 (Y)"
"utils\constants.js","22","GP: RB Up;    KB: F; M: 7"
"utils\constants.js","22","KB: F"
"utils\constants.js","22","M: 7"
"utils\constants.js","22","Y | D-pad right"
"utils\constants.js","23","[C] +"
"utils\constants.js","23","[C] +"
"utils\constants.js","23","+ | Capture"
"utils\constants.js","23","GP: MM; KB: Esc"
"utils\constants.js","23","KB: Esc"
"utils\constants.js","24","- | Home"
"utils\constants.js","24","[C] -"
"utils\constants.js","24","[C] -"
"utils\constants.js","24","GP: MS; KB: Enter"
"utils\constants.js","24","KB: Enter"
"utils\constants.js","25","**Toggle Ctrl/Rumble pak"
"utils\constants.js","25","**Toggle GP mode"
"utils\constants.js","25","**Toggle GP mode"
"utils\constants.js","25","**Toggle GP mode"
"utils\constants.js","25","**Toggle GP mode"
"utils\constants.js","25","**Toggle GP mode"
"utils\constants.js","25","**Toggle GP mode"
"utils\constants.js","25","[C] Home"
"utils\constants.js","25","[C] Home"
"utils\constants.js","25","GP: MT; KB: L Win"
"utils\constants.js","25","KB: L Win"
"utils\constants.js","26","**Rotate memory bank"
"utils\constants.js","26","[W] B"
"utils\constants.js","26","[W] B"
"utils\constants.js","26","[W] B"
"utils\constants.js","26","GP: MQ; KB: Hash"
"utils\constants.js","26","KB: Hash"
"utils\constants.js","26","Stick click"
"utils\constants.js","26","Stick click"
"utils\constants.js","27","[C] Analog L"
"utils\constants.js","27","[C] ZL"
"utils\constants.js","27","[C] ZL"
"utils\constants.js","27","[N] Z"
"utils\constants.js","27","4 (L)"
"utils\constants.js","27","4 (L)"
"utils\constants.js","27","Analog L"
"utils\constants.js","27","Analog L"
"utils\constants.js","27","Analog LT"
"utils\constants.js","27","GP: LM; M: Right"
"utils\constants.js","27","M: Right"
"utils\constants.js","27","Z Axis"
"utils\constants.js","28","[C] L"
"utils\constants.js","28","[C] ZL"
"utils\constants.js","28","[C] ZL"
"utils\constants.js","28","[N] C"
"utils\constants.js","28","4 (L)"
"utils\constants.js","28","4 (L)"
"utils\constants.js","28","7 (Z)"
"utils\constants.js","28","7 (Z)"
"utils\constants.js","28","7 (Z)"
"utils\constants.js","28","GP: LS; KB: Z"
"utils\constants.js","28","KB: Z"
"utils\constants.js","28","L | R"
"utils\constants.js","29","[C] Digital L"
"utils\constants.js","29","Digital L"
"utils\constants.js","29","Digital LT"
"utils\constants.js","29","Digital R"
"utils\constants.js","29","Digital R"
"utils\constants.js","29","Digital R"
"utils\constants.js","29","GP: LT; KB: L CTRL"
"utils\constants.js","29","KB: L CTRL"
"utils\constants.js","30","**VTAP PALETTE"
"utils\constants.js","30","[W] 1"
"utils\constants.js","30","[W] 1"
"utils\constants.js","30","[W] 1"
"utils\constants.js","30","7 (Z)"
"utils\constants.js","30","7 (Z)"
"utils\constants.js","30","7 (Z)"
"utils\constants.js","30","GP: LJ; M: Middle"
"utils\constants.js","30","L grip"
"utils\constants.js","30","L Stick"
"utils\constants.js","30","L Stick"
"utils\constants.js","30","L Stick"
"utils\constants.js","30","L Stick"
"utils\constants.js","30","M: Middle"
"utils\constants.js","30","Mode 1"
"utils\constants.js","30","Stick click"
"utils\constants.js","30","Stick click"
"utils\constants.js","31","[C] Analog R"
"utils\constants.js","31","[C] ZR"
"utils\constants.js","31","[C] ZR"
"utils\constants.js","31","[W] B"
"utils\constants.js","31","[W] B"
"utils\constants.js","31","[W] B"
"utils\constants.js","31","6 (R)"
"utils\constants.js","31","6 (R)"
"utils\constants.js","31","Analog R"
"utils\constants.js","31","Analog R"
"utils\constants.js","31","Analog RT"
"utils\constants.js","31","GP: RM; M: Left"
"utils\constants.js","31","M: Left"
"utils\constants.js","31","TZ Axis"
"utils\constants.js","32","[C] R"
"utils\constants.js","32","[C] ZR"
"utils\constants.js","32","[C] ZR"
"utils\constants.js","32","6 (R)"
"utils\constants.js","32","6 (R)"
"utils\constants.js","32","9 (X)"
"utils\constants.js","32","9 (X)"
"utils\constants.js","32","GP: RS; KB: X; M: 8"
"utils\constants.js","32","KB: X"
"utils\constants.js","32","ZL | ZR"
"utils\constants.js","33","[C] Digital R"
"utils\constants.js","33","Digital R"
"utils\constants.js","33","Digital R"
"utils\constants.js","33","Digital R"
"utils\constants.js","33","Digital RT"
"utils\constants.js","33","GP: RT; KB: L Shift"
"utils\constants.js","33","KB: L Shift"
"utils\constants.js","34","**VTAP MODE"
"utils\constants.js","34","[W] 2"
"utils\constants.js","34","[W] 2"
"utils\constants.js","34","[W] 2"
"utils\constants.js","34","9 (X)"
"utils\constants.js","34","9 (X)"
"utils\constants.js","34","GP: RJ; KB: Space"
"utils\constants.js","34","KB: Space"
"utils\constants.js","34","Mode 2"
"utils\constants.js","34","R grip"
"utils\constants.js","34","R Stick"
"utils\constants.js","34","R Stick"
"utils\constants.js","34","R Stick"
"utils\constants.js","34","R Stick"
"utils\constants.js","35","KB: B"
"utils\constants.js","35","KB: B"
"utils\constants.js","36","KB: C"
"utils\constants.js","36","KB: C"
"utils\constants.js","37","KB: G"
"utils\constants.js","37","KB: G"
"utils\constants.js","38","KB: H"
"utils\constants.js","38","KB: H"
"utils\constants.js","39","KB: I"
"utils\constants.js","39","KB: I"
"utils\constants.js","40","KB: J"
"utils\constants.js","40","KB: J"
"utils\constants.js","41","KB: K"
"utils\constants.js","41","KB: K"
"utils\constants.js","42","KB: L"
"utils\constants.js","42","KB: L"
"utils\constants.js","43","KB: M"
"utils\constants.js","43","KB: M"
"utils\constants.js","44","KB: N"
"utils\constants.js","44","KB: N"
"utils\constants.js","45","KB: O"
"utils\constants.js","45","KB: O"
"utils\constants.js","46","KB: P"
"utils\constants.js","46","KB: P"
"utils\constants.js","47","KB: T"
"utils\constants.js","47","KB: T"
"utils\constants.js","48","KB: U"
"utils\constants.js","48","KB: U"
"utils\constants.js","49","KB: V"
"utils\constants.js","49","KB: V"
"utils\constants.js","50","KB: Y"
"utils\constants.js","50","KB: Y"
"utils\constants.js","51","KB: 1"
"utils\constants.js","51","KB: 1"
"utils\constants.js","52","KB: 2"
"utils\constants.js","52","KB: 2"
"utils\constants.js","53","KB: 3"
"utils\constants.js","53","KB: 3"
"utils\constants.js","54","KB: 4"
"utils\constants.js","54","KB: 4"
"utils\constants.js","55","KB: 5"
"utils\constants.js","55","KB: 5"
"utils\constants.js","56","KB: 6"
"utils\constants.js","56","KB: 6"
"utils\constants.js","57","KB: 7"
"utils\constants.js","57","KB: 7"
"utils\constants.js","58","KB: 8"
"utils\constants.js","58","KB: 8"
"utils\constants.js","59","KB: 9"
"utils\constants.js","59","KB: 9"
"utils\constants.js","60","KB: 0"
"utils\constants.js","60","KB: 0"
"utils\constants.js","61","KB: Backspace"
"utils\constants.js","61","KB: Backspace"
"utils\constants.js","62","KB: Tab"
"utils\constants.js","62","KB: Tab"
"utils\constants.js","63","KB: Minus"
"utils\constants.js","63","KB: Minus"
"utils\constants.js","64","KB: Equal"
"utils\constants.js","64","KB: Equal"
"utils\constants.js","65","KB: L Brace"
"utils\constants.js","65","KB: L Brace"
"utils\constants.js","66","KB: R Brace"
"utils\constants.js","66","KB: R Brace"
"utils\constants.js","67","KB: Backslash"
"utils\constants.js","67","KB: Backslash"
"utils\constants.js","68","KB: Semicolon"
"utils\constants.js","68","KB: Semicolon"
"utils\constants.js","69","KB: Apostrophe"
"utils\constants.js","69","KB: Apostrophe"
"utils\constants.js","70","KB: Grave"
"utils\constants.js","70","KB: Grave"
"utils\constants.js","71","KB: Comma"
"utils\constants.js","71","KB: Comma"
"utils\constants.js","72","KB: Dot"
"utils\constants.js","72","KB: Dot"
"utils\constants.js","73","KB: Slash"
"utils\constants.js","73","KB: Slash"
"utils\constants.js","74","KB: Capslock"
"utils\constants.js","74","KB: Capslock"
"utils\constants.js","75","KB: F1"
"utils\constants.js","75","KB: F1"
"utils\constants.js","76","KB: F2"
"utils\constants.js","76","KB: F2"
"utils\constants.js","77","KB: F3"
"utils\constants.js","77","KB: F3"
"utils\constants.js","78","KB: F4"
"utils\constants.js","78","KB: F4"
"utils\constants.js","79","KB: F5"
"utils\constants.js","79","KB: F5"
"utils\constants.js","80","KB: F6"
"utils\constants.js","80","KB: F6"
"utils\constants.js","81","KB: F7"
"utils\constants.js","81","KB: F7"
"utils\constants.js","82","KB: F8"
"utils\constants.js","82","KB: F8"
"utils\constants.js","83","KB: F9"
"utils\constants.js","83","KB: F9"
"utils\constants.js","84","KB: F10"
"utils\constants.js","84","KB: F10"
"utils\constants.js","85","KB: F11"
"utils\constants.js","85","KB: F11"
"utils\constants.js","86","KB: F12"
"utils\constants.js","86","KB: F12"
"utils\constants.js","87","KB: Print Screen"
"utils\constants.js","87","KB: Print Screen"
"utils\constants.js","88","KB: Scroll"
"utils\constants.js","88","KB: Scroll"
"utils\constants.js","89","KB: Pause"
"utils\constants.js","89","KB: Pause"
"utils\constants.js","90","KB: Insert"
"utils\constants.js","90","KB: Insert"
"utils\constants.js","91","KB: Home"
"utils\constants.js","91","KB: Home"
"utils\constants.js","92","KB: Page Up"
"utils\constants.js","92","KB: Page Up"
"utils\constants.js","93","KB: Delete"
"utils\constants.js","93","KB: Delete"
"utils\constants.js","94","KB: End"
"utils\constants.js","94","KB: End"
"utils\constants.js","95","KB: Page Down"
"utils\constants.js","95","KB: Page Down"
"utils\constants.js","96","KB: Numlock"
"utils\constants.js","96","KB: Numlock"
"utils\constants.js","97","KB: KP Div"
"utils\constants.js","97","KB: KP Div"
"utils\constants.js","98","KB: KP Multi"
"utils\constants.js","98","KB: KP Multi"
"utils\constants.js","99","KB: KP Minus"
"utils\constants.js","99","KB: KP Minus"
"utils\constants.js","100","KB: KP Plus"
"utils\constants.js","100","KB: KP Plus"
"utils\constants.js","101","KB: KP Enter"
"utils\constants.js","101","KB: KP Enter"
"utils\constants.js","102","KB: KP 1"
"utils\constants.js","102","KB: KP 1"
"utils\constants.js","103","KB: KP 2"
"utils\constants.js","103","KB: KP 2"
"utils\constants.js","104","KB: KP 3"
"utils\constants.js","104","KB: KP 3"
"utils\constants.js","105","KB: KP 4"
"utils\constants.js","105","KB: KP 4"
"utils\constants.js","106","KB: KP 5"
"utils\constants.js","106","KB: KP 5"
"utils\constants.js","107","KB: KP 6"
"utils\constants.js","107","KB: KP 6"
"utils\constants.js","108","KB: KP 7"
"utils\constants.js","108","KB: KP 7"
"utils\constants.js","109","KB: KP 8"
"utils\constants.js","109","KB: KP 8"
"utils\constants.js","110","KB: KP 9"
"utils\constants.js","110","KB: KP 9"
"utils\constants.js","111","KB: KP 0"
"utils\constants.js","111","KB: KP 0"
"utils\constants.js","112","KB: KP Dot"
"utils\constants.js","112","KB: KP Dot"
"utils\constants.js","113","KB: L Alt"
"utils\constants.js","113","KB: L Alt"
"utils\constants.js","114","KB: R Ctrl"
"utils\constants.js","114","KB: R Ctrl"
"utils\constants.js","115","KB: R Shift"
"utils\constants.js","115","KB: R Shift"
"utils\constants.js","116","KB: R Alt"
"utils\constants.js","116","KB: R Alt"
"utils\constants.js","117","KB: R Win"
"utils\constants.js","117","KB: R Win"
"utils\constants.js","121","COMBO BASE 1"
"utils\constants.js","121","COMBO BASE 1"
"utils\constants.js","121","COMBO BASE 1"
"utils\constants.js","121","COMBO BASE 1"
"utils\constants.js","121","COMBO BASE 1"
"utils\constants.js","121","COMBO BASE 1"
"utils\constants.js","121","COMBO BASE 1"
"utils\constants.js","121","COMBO BASE 1"
"utils\constants.js","121","COMBO BASE 1"
"utils\constants.js","121","COMBO BASE 1"
"utils\constants.js","121","COMBO BASE 1"
"utils\constants.js","121","COMBO BASE 1"
"utils\constants.js","121","COMBO BASE 1"
"utils\constants.js","121","COMBO BASE 1"
"utils\constants.js","121","COMBO BASE 1"
"utils\constants.js","121","COMBO BASE 1"
"utils\constants.js","121","COMBO BASE 1"
"utils\constants.js","121","COMBO BASE 1"
"utils\constants.js","121","COMBO BASE 1"
"utils\constants.js","121","COMBO BASE 1"
"utils\constants.js","121","COMBO BASE 1"
"utils\constants.js","121","COMBO BASE 1"
"utils\constants.js","121","COMBO BASE 1"
"utils\constants.js","121","COMBO BASE 1"
"utils\constants.js","121","COMBO BASE 1"
"utils\constants.js","121","COMBO BASE 1"
"utils\constants.js","121","COMBO BASE 1"
"utils\constants.js","121","COMBO BASE 1"
"utils\constants.js","121","COMBO BASE 1"
"utils\constants.js","121","COMBO BASE 1"
"utils\constants.js","121","COMBO BASE 1"
"utils\constants.js","121","COMBO BASE 1"
"utils\constants.js","121","COMBO BASE 1"
"utils\constants.js","121","COMBO BASE 1"
"utils\constants.js","121","COMBO BASE 1"
"utils\constants.js","121","COMBO BASE 1"
"utils\constants.js","121","COMBO BASE 1"
"utils\constants.js","121","COMBO BASE 1"
"utils\constants.js","121","COMBO BASE 1"
"utils\constants.js","121","COMBO BASE 1"
"utils\constants.js","121","COMBO BASE 1"
"utils\constants.js","121","COMBO BASE 1"
"utils\constants.js","122","COMBO BASE 2"
"utils\constants.js","122","COMBO BASE 2"
"utils\constants.js","122","COMBO BASE 2"
"utils\constants.js","122","COMBO BASE 2"
"utils\constants.js","122","COMBO BASE 2"
"utils\constants.js","122","COMBO BASE 2"
"utils\constants.js","122","COMBO BASE 2"
"utils\constants.js","122","COMBO BASE 2"
"utils\constants.js","122","COMBO BASE 2"
"utils\constants.js","122","COMBO BASE 2"
"utils\constants.js","122","COMBO BASE 2"
"utils\constants.js","122","COMBO BASE 2"
"utils\constants.js","122","COMBO BASE 2"
"utils\constants.js","122","COMBO BASE 2"
"utils\constants.js","122","COMBO BASE 2"
"utils\constants.js","122","COMBO BASE 2"
"utils\constants.js","122","COMBO BASE 2"
"utils\constants.js","122","COMBO BASE 2"
"utils\constants.js","122","COMBO BASE 2"
"utils\constants.js","122","COMBO BASE 2"
"utils\constants.js","122","COMBO BASE 2"
"utils\constants.js","122","COMBO BASE 2"
"utils\constants.js","122","COMBO BASE 2"
"utils\constants.js","122","COMBO BASE 2"
"utils\constants.js","122","COMBO BASE 2"
"utils\constants.js","122","COMBO BASE 2"
"utils\constants.js","122","COMBO BASE 2"
"utils\constants.js","122","COMBO BASE 2"
"utils\constants.js","122","COMBO BASE 2"
"utils\constants.js","122","COMBO BASE 2"
"utils\constants.js","122","COMBO BASE 2"
"utils\constants.js","122","COMBO BASE 2"
"utils\constants.js","122","COMBO BASE 2"
"utils\constants.js","122","COMBO BASE 2"
"utils\constants.js","122","COMBO BASE 2"
"utils\constants.js","122","COMBO BASE 2"
"utils\constants.js","122","COMBO BASE 2"
"utils\constants.js","122","COMBO BASE 2"
"utils\constants.js","122","COMBO BASE 2"
"utils\constants.js","122","COMBO BASE 2"
"utils\constants.js","122","COMBO BASE 2"
"utils\constants.js","122","COMBO BASE 2"
"utils\constants.js","123","COMBO BASE 3"
"utils\constants.js","123","COMBO BASE 3"
"utils\constants.js","123","COMBO BASE 3"
"utils\constants.js","123","COMBO BASE 3"
"utils\constants.js","123","COMBO BASE 3"
"utils\constants.js","123","COMBO BASE 3"
"utils\constants.js","123","COMBO BASE 3"
"utils\constants.js","123","COMBO BASE 3"
"utils\constants.js","123","COMBO BASE 3"
"utils\constants.js","123","COMBO BASE 3"
"utils\constants.js","123","COMBO BASE 3"
"utils\constants.js","123","COMBO BASE 3"
"utils\constants.js","123","COMBO BASE 3"
"utils\constants.js","123","COMBO BASE 3"
"utils\constants.js","123","COMBO BASE 3"
"utils\constants.js","123","COMBO BASE 3"
"utils\constants.js","123","COMBO BASE 3"
"utils\constants.js","123","COMBO BASE 3"
"utils\constants.js","123","COMBO BASE 3"
"utils\constants.js","123","COMBO BASE 3"
"utils\constants.js","123","COMBO BASE 3"
"utils\constants.js","123","COMBO BASE 3"
"utils\constants.js","123","COMBO BASE 3"
"utils\constants.js","123","COMBO BASE 3"
"utils\constants.js","123","COMBO BASE 3"
"utils\constants.js","123","COMBO BASE 3"
"utils\constants.js","123","COMBO BASE 3"
"utils\constants.js","123","COMBO BASE 3"
"utils\constants.js","123","COMBO BASE 3"
"utils\constants.js","123","COMBO BASE 3"
"utils\constants.js","123","COMBO BASE 3"
"utils\constants.js","123","COMBO BASE 3"
"utils\constants.js","123","COMBO BASE 3"
"utils\constants.js","123","COMBO BASE 3"
"utils\constants.js","123","COMBO BASE 3"
"utils\constants.js","123","COMBO BASE 3"
"utils\constants.js","123","COMBO BASE 3"
"utils\constants.js","123","COMBO BASE 3"
"utils\constants.js","123","COMBO BASE 3"
"utils\constants.js","123","COMBO BASE 3"
"utils\constants.js","123","COMBO BASE 3"
"utils\constants.js","123","COMBO BASE 3"
"utils\constants.js","124","COMBO BASE 4"
"utils\constants.js","124","COMBO BASE 4"
"utils\constants.js","124","COMBO BASE 4"
"utils\constants.js","124","COMBO BASE 4"
"utils\constants.js","124","COMBO BASE 4"
"utils\constants.js","124","COMBO BASE 4"
"utils\constants.js","124","COMBO BASE 4"
"utils\constants.js","124","COMBO BASE 4"
"utils\constants.js","124","COMBO BASE 4"
"utils\constants.js","124","COMBO BASE 4"
"utils\constants.js","124","COMBO BASE 4"
"utils\constants.js","124","COMBO BASE 4"
"utils\constants.js","124","COMBO BASE 4"
"utils\constants.js","124","COMBO BASE 4"
"utils\constants.js","124","COMBO BASE 4"
"utils\constants.js","124","COMBO BASE 4"
"utils\constants.js","124","COMBO BASE 4"
"utils\constants.js","124","COMBO BASE 4"
"utils\constants.js","124","COMBO BASE 4"
"utils\constants.js","124","COMBO BASE 4"
"utils\constants.js","124","COMBO BASE 4"
"utils\constants.js","124","COMBO BASE 4"
"utils\constants.js","124","COMBO BASE 4"
"utils\constants.js","124","COMBO BASE 4"
"utils\constants.js","124","COMBO BASE 4"
"utils\constants.js","124","COMBO BASE 4"
"utils\constants.js","124","COMBO BASE 4"
"utils\constants.js","124","COMBO BASE 4"
"utils\constants.js","124","COMBO BASE 4"
"utils\constants.js","124","COMBO BASE 4"
"utils\constants.js","124","COMBO BASE 4"
"utils\constants.js","124","COMBO BASE 4"
"utils\constants.js","124","COMBO BASE 4"
"utils\constants.js","124","COMBO BASE 4"
"utils\constants.js","124","COMBO BASE 4"
"utils\constants.js","124","COMBO BASE 4"
"utils\constants.js","124","COMBO BASE 4"
"utils\constants.js","124","COMBO BASE 4"
"utils\constants.js","124","COMBO BASE 4"
"utils\constants.js","124","COMBO BASE 4"
"utils\constants.js","124","COMBO BASE 4"
"utils\constants.js","124","COMBO BASE 4"
"utils\constants.js","125","CB SYS RESET"
"utils\constants.js","125","CB SYS RESET"
"utils\constants.js","125","CB SYS RESET"
"utils\constants.js","125","CB SYS RESET"
"utils\constants.js","125","CB SYS RESET"
"utils\constants.js","125","CB SYS RESET"
"utils\constants.js","125","CB SYS RESET"
"utils\constants.js","125","CB SYS RESET"
"utils\constants.js","125","CB SYS RESET"
"utils\constants.js","125","CB SYS RESET"
"utils\constants.js","125","CB SYS RESET"
"utils\constants.js","125","CB SYS RESET"
"utils\constants.js","125","CB SYS RESET"
"utils\constants.js","125","CB SYS RESET"
"utils\constants.js","125","CB SYS RESET"
"utils\constants.js","125","CB SYS RESET"
"utils\constants.js","125","CB SYS RESET"
"utils\constants.js","125","CB SYS RESET"
"utils\constants.js","125","CB SYS RESET"
"utils\constants.js","125","CB SYS RESET"
"utils\constants.js","125","CB SYS RESET"
"utils\constants.js","125","CB SYS RESET"
"utils\constants.js","125","CB SYS RESET"
"utils\constants.js","125","CB SYS RESET"
"utils\constants.js","125","CB SYS RESET"
"utils\constants.js","125","CB SYS RESET"
"utils\constants.js","125","CB SYS RESET"
"utils\constants.js","125","CB SYS RESET"
"utils\constants.js","125","CB SYS RESET"
"utils\constants.js","125","CB SYS RESET"
"utils\constants.js","125","CB SYS RESET"
"utils\constants.js","125","CB SYS RESET"
"utils\constants.js","125","CB SYS RESET"
"utils\constants.js","125","CB SYS RESET"
"utils\constants.js","125","CB SYS RESET"
"utils\constants.js","125","CB SYS RESET"
"utils\constants.js","125","CB SYS RESET"
"utils\constants.js","125","CB SYS RESET"
"utils\constants.js","125","CB SYS RESET"
"utils\constants.js","125","CB SYS RESET"
"utils\constants.js","125","CB SYS RESET"
"utils\constants.js","125","CB SYS RESET"
"utils\constants.js","126","CB BT PAIR"
"utils\constants.js","126","CB BT PAIR"
"utils\constants.js","126","CB BT PAIR"
"utils\constants.js","126","CB BT PAIR"
"utils\constants.js","126","CB BT PAIR"
"utils\constants.js","126","CB BT PAIR"
"utils\constants.js","126","CB BT PAIR"
"utils\constants.js","126","CB BT PAIR"
"utils\constants.js","126","CB BT PAIR"
"utils\constants.js","126","CB BT PAIR"
"utils\constants.js","126","CB BT PAIR"
"utils\constants.js","126","CB BT PAIR"
"utils\constants.js","126","CB BT PAIR"
"utils\constants.js","126","CB BT PAIR"
"utils\constants.js","126","CB BT PAIR"
"utils\constants.js","126","CB BT PAIR"
"utils\constants.js","126","CB BT PAIR"
"utils\constants.js","126","CB BT PAIR"
"utils\constants.js","126","CB BT PAIR"
"utils\constants.js","126","CB BT PAIR"
"utils\constants.js","126","CB BT PAIR"
"utils\constants.js","126","CB BT PAIR"
"utils\constants.js","126","CB BT PAIR"
"utils\constants.js","126","CB BT PAIR"
"utils\constants.js","126","CB BT PAIR"
"utils\constants.js","126","CB BT PAIR"
"utils\constants.js","126","CB BT PAIR"
"utils\constants.js","126","CB BT PAIR"
"utils\constants.js","126","CB BT PAIR"
"utils\constants.js","126","CB BT PAIR"
"utils\constants.js","126","CB BT PAIR"
"utils\constants.js","126","CB BT PAIR"
"utils\constants.js","126","CB BT PAIR"
"utils\constants.js","126","CB BT PAIR"
"utils\constants.js","126","CB BT PAIR"
"utils\constants.js","126","CB BT PAIR"
"utils\constants.js","126","CB BT PAIR"
"utils\constants.js","126","CB BT PAIR"
"utils\constants.js","126","CB BT PAIR"
"utils\constants.js","126","CB BT PAIR"
"utils\constants.js","126","CB BT PAIR"
"utils\constants.js","126","CB BT PAIR"
"utils\constants.js","127","CB SYS PWOFF"
"utils\constants.js","127","CB SYS PWOFF"
"utils\constants.js","127","CB SYS PWOFF"
"utils\constants.js","127","CB SYS PWOFF"
"utils\constants.js","127","CB SYS PWOFF"
"utils\constants.js","127","CB SYS PWOFF"
"utils\constants.js","127","CB SYS PWOFF"
"utils\constants.js","127","CB SYS PWOFF"
"utils\constants.js","127","CB SYS PWOFF"
"utils\constants.js","127","CB SYS PWOFF"
"utils\constants.js","127","CB SYS PWOFF"
"utils\constants.js","127","CB SYS PWOFF"
"utils\constants.js","127","CB SYS PWOFF"
"utils\constants.js","127","CB SYS PWOFF"
"utils\constants.js","127","CB SYS PWOFF"
"utils\constants.js","127","CB SYS PWOFF"
"utils\constants.js","127","CB SYS PWOFF"
"utils\constants.js","127","CB SYS PWOFF"
"utils\constants.js","127","CB SYS PWOFF"
"utils\constants.js","127","CB SYS PWOFF"
"utils\constants.js","127","CB SYS PWOFF"
"utils\constants.js","127","CB SYS PWOFF"
"utils\constants.js","127","CB SYS PWOFF"
"utils\constants.js","127","CB SYS PWOFF"
"utils\constants.js","127","CB SYS PWOFF"
"utils\constants.js","127","CB SYS PWOFF"
"utils\constants.js","127","CB SYS PWOFF"
"utils\constants.js","127","CB SYS PWOFF"
"utils\constants.js","127","CB SYS PWOFF"
"utils\constants.js","127","CB SYS PWOFF"
"utils\constants.js","127","CB SYS PWOFF"
"utils\constants.js","127","CB SYS PWOFF"
"utils\constants.js","127","CB SYS PWOFF"
"utils\constants.js","127","CB SYS PWOFF"
"utils\constants.js","127","CB SYS PWOFF"
"utils\constants.js","127","CB SYS PWOFF"
"utils\constants.js","127","CB SYS PWOFF"
"utils\constants.js","127","CB SYS PWOFF"
"utils\constants.js","127","CB SYS PWOFF"
"utils\constants.js","127","CB SYS PWOFF"
"utils\constants.js","127","CB SYS PWOFF"
"utils\constants.js","127","CB SYS PWOFF"
"utils\constants.js","128","CB FACT RST"
"utils\constants.js","128","CB FACT RST"
"utils\constants.js","128","CB FACT RST"
"utils\constants.js","128","CB FACT RST"
"utils\constants.js","128","CB FACT RST"
"utils\constants.js","128","CB FACT RST"
"utils\constants.js","128","CB FACT RST"
"utils\constants.js","128","CB FACT RST"
"utils\constants.js","128","CB FACT RST"
"utils\constants.js","128","CB FACT RST"
"utils\constants.js","128","CB FACT RST"
"utils\constants.js","128","CB FACT RST"
"utils\constants.js","128","CB FACT RST"
"utils\constants.js","128","CB FACT RST"
"utils\constants.js","128","CB FACT RST"
"utils\constants.js","128","CB FACT RST"
"utils\constants.js","128","CB FACT RST"
"utils\constants.js","128","CB FACT RST"
"utils\constants.js","128","CB FACT RST"
"utils\constants.js","128","CB FACT RST"
"utils\constants.js","128","CB FACT RST"
"utils\constants.js","128","CB FACT RST"
"utils\constants.js","128","CB FACT RST"
"utils\constants.js","128","CB FACT RST"
"utils\constants.js","128","CB FACT RST"
"utils\constants.js","128","CB FACT RST"
"utils\constants.js","128","CB FACT RST"
"utils\constants.js","128","CB FACT RST"
"utils\constants.js","128","CB FACT RST"
"utils\constants.js","128","CB FACT RST"
"utils\constants.js","128","CB FACT RST"
"utils\constants.js","128","CB FACT RST"
"utils\constants.js","128","CB FACT RST"
"utils\constants.js","128","CB FACT RST"
"utils\constants.js","128","CB FACT RST"
"utils\constants.js","128","CB FACT RST"
"utils\constants.js","128","CB FACT RST"
"utils\constants.js","128","CB FACT RST"
"utils\constants.js","128","CB FACT RST"
"utils\constants.js","128","CB FACT RST"
"utils\constants.js","128","CB FACT RST"
"utils\constants.js","128","CB FACT RST"
"utils\constants.js","129","CB DEEP SLP"
"utils\constants.js","129","CB DEEP SLP"
"utils\constants.js","129","CB DEEP SLP"
"utils\constants.js","129","CB DEEP SLP"
"utils\constants.js","129","CB DEEP SLP"
"utils\constants.js","129","CB DEEP SLP"
"utils\constants.js","129","CB DEEP SLP"
"utils\constants.js","129","CB DEEP SLP"
"utils\constants.js","129","CB DEEP SLP"
"utils\constants.js","129","CB DEEP SLP"
"utils\constants.js","129","CB DEEP SLP"
"utils\constants.js","129","CB DEEP SLP"
"utils\constants.js","129","CB DEEP SLP"
"utils\constants.js","129","CB DEEP SLP"
"utils\constants.js","129","CB DEEP SLP"
"utils\constants.js","129","CB DEEP SLP"
"utils\constants.js","129","CB DEEP SLP"
"utils\constants.js","129","CB DEEP SLP"
"utils\constants.js","129","CB DEEP SLP"
"utils\constants.js","129","CB DEEP SLP"
"utils\constants.js","129","CB DEEP SLP"
"utils\constants.js","129","CB DEEP SLP"
"utils\constants.js","129","CB DEEP SLP"
"utils\constants.js","129","CB DEEP SLP"
"utils\constants.js","129","CB DEEP SLP"
"utils\constants.js","129","CB DEEP SLP"
"utils\constants.js","129","CB DEEP SLP"
"utils\constants.js","129","CB DEEP SLP"
"utils\constants.js","129","CB DEEP SLP"
"utils\constants.js","129","CB DEEP SLP"
"utils\constants.js","129","CB DEEP SLP"
"utils\constants.js","129","CB DEEP SLP"
"utils\constants.js","129","CB DEEP SLP"
"utils\constants.js","129","CB DEEP SLP"
"utils\constants.js","129","CB DEEP SLP"
"utils\constants.js","129","CB DEEP SLP"
"utils\constants.js","129","CB DEEP SLP"
"utils\constants.js","129","CB DEEP SLP"
"utils\constants.js","129","CB DEEP SLP"
"utils\constants.js","129","CB DEEP SLP"
"utils\constants.js","129","CB DEEP SLP"
"utils\constants.js","129","CB DEEP SLP"
"utils\constants.js","130","CB WIRED RST"
"utils\constants.js","130","CB WIRED RST"
"utils\constants.js","130","CB WIRED RST"
"utils\constants.js","130","CB WIRED RST"
"utils\constants.js","130","CB WIRED RST"
"utils\constants.js","130","CB WIRED RST"
"utils\constants.js","130","CB WIRED RST"
"utils\constants.js","130","CB WIRED RST"
"utils\constants.js","130","CB WIRED RST"
"utils\constants.js","130","CB WIRED RST"
"utils\constants.js","130","CB WIRED RST"
"utils\constants.js","130","CB WIRED RST"
"utils\constants.js","130","CB WIRED RST"
"utils\constants.js","130","CB WIRED RST"
"utils\constants.js","130","CB WIRED RST"
"utils\constants.js","130","CB WIRED RST"
"utils\constants.js","130","CB WIRED RST"
"utils\constants.js","130","CB WIRED RST"
"utils\constants.js","130","CB WIRED RST"
"utils\constants.js","130","CB WIRED RST"
"utils\constants.js","130","CB WIRED RST"
"utils\constants.js","130","CB WIRED RST"
"utils\constants.js","130","CB WIRED RST"
"utils\constants.js","130","CB WIRED RST"
"utils\constants.js","130","CB WIRED RST"
"utils\constants.js","130","CB WIRED RST"
"utils\constants.js","130","CB WIRED RST"
"utils\constants.js","130","CB WIRED RST"
"utils\constants.js","130","CB WIRED RST"
"utils\constants.js","130","CB WIRED RST"
"utils\constants.js","130","CB WIRED RST"
"utils\constants.js","130","CB WIRED RST"
"utils\constants.js","130","CB WIRED RST"
"utils\constants.js","130","CB WIRED RST"
"utils\constants.js","130","CB WIRED RST"
"utils\constants.js","130","CB WIRED RST"
"utils\constants.js","130","CB WIRED RST"
"utils\constants.js","130","CB WIRED RST"
"utils\constants.js","130","CB WIRED RST"
"utils\constants.js","130","CB WIRED RST"
"utils\constants.js","130","CB WIRED RST"
"utils\constants.js","130","CB WIRED RST"
"utils\constants.js","345","PS4 / PS5"
"utils\constants.js","347","Wiimote + Classic"
"utils\constants.js","348","Wiimote + Classic Pro"
"utils\constants.js","349","Wiimote + Nunchuck"
"utils\constants.js","350","WiiU / Switch Pro"
"utils\constants.js","351","Switch NES"
"utils\constants.js","352","Switch SNES"
"utils\constants.js","353","Switch MD / Genesis"
"utils\constants.js","354","Switch N64"
"utils\constants.js","355","Switch Joycon"
"utils\constants.js","356","Xbox One S / X|S"
"utils\constants.js","358","8bitdo SN30/SF30"
"utils\constants.js","359","8bitdo M30"
"utils\constants.js","360","Google Stadia"
"utils\constants.js","361","Exlene GameCube"
"utils\constants.js","362","NeoGeo (Parallel 1P)"
"utils\constants.js","364","PCE 6 btns"
"utils\constants.js","371","Jaguar 6D"
"utils\constants.js","376","Atari / SMS"
"utils\constants.js","377","MD / Genesis"
"utils\constants.js","380","PSX / PS2"
"utils\constants.js","381","Wii Classic"
"utils\constants.js","382","Wii Classic Pro"
"utils\constants.js","409","SEA Board"
"utils\constants.js","414","Slot 1"
"utils\constants.js","415","Slot 2"
"utils\constants.js","441","1/2 frames"
"utils\constants.js","442","1/4 frames"
"utils\constants.js","443","2/4 frames"
"utils\constants.js","444","3/4 frames"
"utils\constants.js","445","1/8 frames"
"utils\constants.js","446","2/8 frames"
"utils\constants.js","447","4/8 frames"
"utils\constants.js","448","6/8 frames"
"utils\constants.js","449","7/8 frames"
"utils\constants.js","450","1/16 frames"
"utils\constants.js","451","2/16 frames"
"utils\constants.js","452","4/16 frames"
"utils\constants.js","453","8/16 frames"
"utils\constants.js","454","12/16 frames"
"utils\constants.js","455","14/16 frames"
"utils\constants.js","456","15/16 frames"
"utils\constants.js","457","1/32 frames"
"utils\constants.js","458","2/32 frames"
"utils\constants.js","459","4/32 frames"
"utils\constants.js","460","8/32 frames"
"utils\constants.js","461","16/32 frames"
"utils\constants.js","462","24/32 frames"
"utils\constants.js","463","28/32 frames"
"utils\constants.js","464","30/32 frames"
"utils\constants.js","465","31/32 frames"
"utils\constants.js","466","1/64 frames"
"utils\constants.js","467","2/64 frames"
"utils\constants.js","468","4/64 frames"
"utils\constants.js","469","8/64 frames"
"utils\constants.js","470","16/64 frames"
"utils\constants.js","471","32/64 frames"
"utils\constants.js","472","48/64 frames"
"utils\constants.js","473","56/64 frames"
"utils\constants.js","474","60/64 frames"
"utils\constants.js","475","62/64 frames"
"utils\constants.js","476","63/64 frames"
"utils\constants.js","477","1/128 frames"
"utils\constants.js","478","2/128 frames"
"utils\constants.js","479","4/128 frames"
"utils\constants.js","480","8/128 frames"
"utils\constants.js","481","16/128 frames"
"utils\constants.js","482","32/128 frames"
"utils\constants.js","483","64/128 frames"
"utils\constants.js","484","96/128 frames"
"utils\constants.js","485","112/128 frames"
"utils\constants.js","486","120/128 frames"
"utils\constants.js","487","124/128 frames"
"utils\constants.js","488","126/128 frames"
"utils\constants.js","489","127/128 frames"
"utils\constants.js","504","Circular->N64 Hexagone"
"utils\constants.js","506","Square->N64 Hexagone"
"utils\downloadFile.js","5","display: none"
"utils\getApiVersion.js","9","API バージョンを読み込み中..."
"utils\getGameName.js","12"," WHERE id="""
"utils\getGameName.js","12","SELECT name FROM \"
"utils\getGameName.js","13",""" LIMIT 1"
"utils\getGlobalCfg.js","7","failed to get API version"
"utils\getGlobalCfg.js","12","Reading Global Config..."
"utils\getGlobalCfg.js","16","Global Config size: "
"utils\presetWriteRecursive.js","5","入力 CTRL CHRC を設定... "
"utils\presetWriteRecursive.js","9","入力データ CHRC を書き込み中..."
"utils\saveOutputCfg.js","6"," + cfgId + "
"utils\saveOutputCfg.js","6"," + cfgId + "
"utils\saveOutputCfg.js","6"," + cfgId + "
"utils\saveOutputCfg.js","10"," + cfgId + "
"utils\saveOutputCfg.js","10"," + cfgId + "
"utils\saveOutputCfg.js","10"," + cfgId + "
"utils\saveOutputCfg.js","10"," on CTRL chrc..."
"utils\saveOutputCfg.js","10","Set Output "
"utils\saveOutputCfg.js","16"," + cfgId + "
"utils\saveOutputCfg.js","16"," + cfgId + "
"utils\saveOutputCfg.js","16"," + cfgId + "
"utils\saveOutputCfg.js","20"," + cfgId + "
"utils\saveOutputCfg.js","20"," + cfgId + "
"utils\saveOutputCfg.js","20"," + cfgId + "
"utils\savePresetInput.js","30"," + cfgId + "
